"RMSE","MAE","MASE"
29.9408080449806,2.67145481507877,0.93780632197918
30.0361195883758,4.93797433558828,1.7334613048842
29.8969122378677,3.34149987791042,1.17302366212945
29.9613501325803,2.45518823580294,0.861886578125417
29.8581964286729,2.59517644557823,0.911029025674522
