"RMSE","MAE","MASE"
29.9408080449806,2.67145481507877,0.93780632197918
30.0636870582697,4.78750976392354,1.68064116143853
123.440599204278,94.6646731904611,26.3194739061674
29.9613501325803,2.45518823580294,0.861886578125417
29.8581964286729,2.59517644557823,0.721532927112868
29.954074110093,2.55756164965986,0.531661253892146
